{
  "datasets": {
    "paws": 5000,
    "qqp": 5000,
    "stsb": 5749
  },
  "validation": {
    "mean_sim": 0.6180440783500671,
    "std_sim": 0.30222204327583313,
    "best_f1": 0.7539085118702953,
    "best_thresh": 0.5499999999999999,
    "high_risk_thresh": 0.7182250022888184,
    "med_risk_thresh": 0.6,
    "sem_high_floor": 0.7,
    "sem_med_floor": 0.5
  },
  "recommendations": {
    "semantic": 0.7,
    "stylo": 0.25,
    "ai": 0.05
  },
  "cross_encoder": {},
  "spacy": {}
}