{
  "datasets": {
    "paws": 5000,
    "qqp": 5000,
    "stsb": 5749
  },
  "validation": {
    "mean_sim": 0.6164290904998779,
    "std_sim": 0.30776306986808777,
    "best_f1": 0.7829021372328459,
    "best_thresh": 0.5499999999999999,
    "high_risk_thresh": 0.7488986253738403,
    "med_risk_thresh": 0.6,
    "sem_high_floor": 0.7,
    "sem_med_floor": 0.5
  },
  "recommendations": {
    "semantic": 0.7,
    "stylo": 0.25,
    "ai": 0.05
  },
  "cross_encoder": {},
  "spacy": {
    "final_loss": 3.1793598509252404e-09,
    "initial_loss": 185.22802371437157,
    "improvement_pct": 99.99999999828354,
    "mean_loss": 7.219765238884923,
    "min_loss": 3.1793598509252404e-09,
    "losses_history": [
      185.22802371437157,
      0.0014059492730261588,
      4.577705490561841,
      0.00021763249605014017,
      2.0324504318993172e-06,
      5.3330967177042684e-05,
      1.6457455914813507e-06,
      0.0001972160884564151,
      1.0553888802249273e-05,
      7.3403101380748235e-06,
      4.455038731733844e-07,
      6.43775844952829e-06,
      1.2042770595143914e-07,
      1.226564332880989e-07,
      4.263127813398409e-05,
      1.4229135401841096e-06,
      1.2777035976968292e-07,
      0.0005172373837438772,
      3.410987245468453e-06,
      1.324507310925252e-07,
      2.284834210372548e-08,
      4.4646101242505524e-08,
      3.185360863127924e-08,
      2.099382137080218e-07,
      18.20811941139222,
      4.327404177882036,
      4.249206553103799,
      7.610992007646333e-06,
      2.210542868385057e-05,
      3.1793598509252404e-09
    ],
    "recommended_iterations": 40,
    "recommended_dropout": 0.15,
    "hyperparameters": {
      "iterations": 30,
      "dropout": 0.2
    }
  }
}