{
  "datasets": {
    "paws": 5000,
    "qqp": 5000,
    "stsb": 5749
  },
  "validation": {
    "mean_sim": 0.6123242378234863,
    "std_sim": 0.3066059947013855,
    "best_f1": 0.7860810039931546,
    "best_thresh": 0.5499999999999999,
    "high_risk_thresh": 0.7418491840362549,
    "med_risk_thresh": 0.6,
    "sem_high_floor": 0.7,
    "sem_med_floor": 0.5
  },
  "recommendations": {
    "semantic": 0.7,
    "stylo": 0.25,
    "ai": 0.05
  },
  "cross_encoder": {
    "mse": 8.166201277039303,
    "mae": 1.9646148072207932,
    "spearman": 0.6296801103806002,
    "pearson": 0.6080588691241962,
    "mean_score": -0.40252819657325745,
    "std_score": 2.9709954261779785,
    "optimal_rerank_weight": 0.6,
    "optimal_semantic_weight": 0.4,
    "hyperparameters": {
      "epochs": 4,
      "batch_size": 16,
      "learning_rate": 2e-05
    }
  },
  "spacy": {
    "final_loss": 421.6272156805303,
    "initial_loss": 14167.721676343805,
    "improvement_pct": 97.02402951361945,
    "mean_loss": 1710.9762276238798,
    "min_loss": 407.4041994575807,
    "losses_history": [
      14167.721676343805,
      8781.081153859162,
      6120.162724098297,
      4401.668467055382,
      3519.209716068733,
      2919.6242100508393,
      2344.295808143143,
      2032.6562553469394,
      1665.5696191547727,
      1576.175547233119,
      1421.1347829313902,
      1287.1916321183317,
      1200.1221645919366,
      973.126128087893,
      987.9859445066072,
      921.9924457638438,
      902.3555728323576,
      801.9753946770153,
      792.4151277981948,
      713.3254348805783,
      754.1542122924609,
      686.198677594123,
      687.3598090306638,
      666.3134834151706,
      553.3488558249088,
      703.2399727958493,
      625.333334172673,
      591.7842577197721,
      531.1949952871878,
      562.3202417758321,
      529.9706878844446,
      488.49534368564747,
      437.0650461721028,
      508.6131665280273,
      422.36643366224763,
      445.4109179048183,
      450.7108888155083,
      407.4041994575807,
      436.347559713301,
      421.6272156805303
    ],
    "recommended_iterations": 50,
    "recommended_dropout": 0.2,
    "hyperparameters": {
      "iterations": 40,
      "dropout": 0.15
    }
  }
}